类别,尺寸,颜色,目的地,业务类型,国家,价格,数量,折扣
配件,262 oz,红色,澳大利亚,自行车专卖店,澳大利亚,174,225,23
配件,214 oz,黄色,加拿大,自行车专卖店,加拿大,502,90,17
配件,147 oz,白色,法国,自行车专卖店,法国,242,855,37
配件,112 oz,黄色,德国,自行车专卖店,德国,102,897,42
配件,256 oz,红色,英国,自行车专卖店,英国,126,115,44
配件,278 oz,黄色,美国,自行车专卖店,美国,1246,88,47
配件,8 oz,绿色,澳大利亚,经销商,澳大利亚,680,66,80
配件,181 oz,黄色,加拿大,经销商,加拿大,1241,939,66 
配件,181 oz,黄色,加拿大,经销商,加拿大,1241,939,66
配件,344 oz,黄色,法国,经销商,法国,150,67,30
配件,291 oz,红色,德国,经销商,德国,244,963,22
配件,126 oz,黄色,英国,经销商,英国,501,556,9
配件,317 oz,红色,美国,经销商,美国,4960,898,41
配件,124 oz,黄色,澳大利亚,批发,澳大利亚,9,578,8
配件,23 oz,红色,加拿大,批发,加拿大,3655,64,70
配件,124 oz,绿色,法国,批发,法国,1654,556,95
配件,310 oz,黄色,德国,批发,德国,1190,292,36
配件,277 oz,红色,英国,批发,英国,1222,730,38
配件,47 oz,白色,美国,批发,美国,7941,73,53
自行车,264 oz,白色,澳大利亚,自行车专卖店,澳大利亚,6829,19,56
自行车,76 oz,红色,加拿大,自行车专卖店,加拿大,1664,19,75
自行车,217 oz,红色,法国,自行车专卖店,法国,2995,98,88
自行车,251 oz,绿色,德国,自行车专卖店,德国,1487,96,100
自行车,292 oz,绿色,英国,自行车专卖店,英国,9245,51,29
自行车,266 oz,绿色,美国,自行车专卖店,美国,9008,76,66
自行车,198 oz,绿色,澳大利亚,经销商,澳大利亚,9376,92,7
自行车,109 oz,红色,加拿大,经销商,加拿大,1531,56,31
自行车,54 oz,黄色,法国,经销商,法国,5421,83,22
自行车,93 oz,红色,德国,经销商,德国,6975,73,41
自行车,297 oz,蓝色,英国,经销商,英国,4320,59,100
自行车,339 oz,红色,澳大利亚,经销商,美国,3200,27,41
自行车,205 oz,蓝色,加拿大,批发,澳大利亚,6688,22,41
自行车,226 oz,蓝色,法国,批发,加拿大,699,22,42
自行车,311 oz,紫色,德国,批发,法国,5403,75,70
自行车,282 oz,红色,英国,批发,德国,6377,28,49
自行车,286 oz,蓝色,美国,批发,英国,2471,93,14
自行车,100 oz,蓝色,澳大利亚,批发,美国,6650,40,4
服装,218 oz,黄色,加拿大,自行车专卖店,澳大利亚,865,4513,70
服装,216 oz,蓝色,法国,自行车专卖店,加拿大,511,4615,20
服装,284 oz,蓝色,德国,自行车专卖店,法国,981,1854,36
服装,325 oz,蓝色,英国,自行车专卖店,德国,57,1187,10
服装,192 oz,白色,美国,自行车专卖店,英国,675,1527,38
服装,25 oz,紫色,澳大利亚,自行车专卖店,美国,40,4342,72
服装,95 oz,红色,加拿大,经销商,澳大利亚,400,8975,63
服装,39 oz,紫色,法国,经销商,加拿大,971,3522,90
服装,36 oz,绿色,德国,经销商,法国,357,3939,93
服装,208 oz,红色,英国,经销商,德国,820,3560,40
服装,3 oz,白色,美国,经销商,英国,520,3892,32
服装,147 oz,白色,澳大利亚,经销商,美国,448,3906,24
服装,68 oz,红色,英国,批发,澳大利亚,513,9790,40
服装,267 oz,蓝色,美国,批发,加拿大,977,6107,8
服装,33 oz,绿色,澳大利亚,批发,法国,118,4718,84
服装,319 oz,蓝色,加拿大,批发,德国,161,7988,29
服装,326 oz,绿色,法国,批发,英国,239,840,89
服装,184 oz,绿色,德国,批发,美国,327,6574,79
零件,255 oz,红色,英国,自行车专卖店,澳大利亚,284,2471,42
零件,144 oz,绿色,美国,自行车专卖店,加拿大,827,4772,26
零件,283 oz,红色,澳大利亚,自行车专卖店,法国,967,1646,42
零件,299 oz,蓝色,英国,自行车专卖店,德国,569,6568,58
零件,88 oz,蓝色,美国,自行车专卖店,英国,156,7585,35
零件,161 oz,红色,澳大利亚,自行车专卖店,美国,845,4208,42
零件,242 oz,蓝色,加拿大,经销商,澳大利亚,838,6460,41
零件,25 oz,红色,法国,经销商,加拿大,51,410,97
零件,317 oz,蓝色,德国,经销商,法国,95,2307,64
零件,295 oz,红色,法国,经销商,德国,885,6843,10
零件,69 oz,蓝色,德国,经销商,英国,239,7541,36
零件,320 oz,蓝色,英国,经销商,美国,145,7978,78
零件,104 oz,绿色,美国,批发,澳大利亚,605,458,72
零件,34 oz,白色,澳大利亚,批发,加拿大,778,8918,89
零件,194 oz,蓝色,加拿大,经销商,澳大利亚,434,1297,60
零件,340 oz,红色,澳大利亚,经销商,加拿大,732,8420,62
零件,49 oz,蓝色,加拿大,经销商,法国,780,5535,29
零件,94 oz,红色,法国,经销商,德国,85,2063,98
零件,203 oz,蓝色,德国,经销商,英国,672,316,62
零件,350 oz,蓝色,英国,经销商,美国,389,4900,46
零件,106 oz,绿色,美国,批发,澳大利亚,81,3674,34
零件,348 oz,白色,德国,批发,加拿大,959,4819,14
零件,200 oz,绿色,英国,批发,澳大利亚,666,780,88
零件,209 oz,白色,美国,批发,加拿大,326,7308,29
零件,220 oz,白色,澳大利亚,批发,法国,550,3635,99
零件,303 oz,蓝色,加拿大,批发,德国,192,2895,77
零件,193 oz,白色,澳大利亚,批发,英国,564,4306,53
零件,53 oz,蓝色,加拿大,批发,美国,751,4835,34
零件,43 oz,红色,法国,自行车专卖店,澳大利亚,750,178,62
零件,114 oz,绿色,德国,自行车专卖店,加拿大,106,4571,12
零件,231 oz,红色,英国,自行车专卖店,法国,436,7733,94
零件,26 oz,蓝色,美国,自行车专卖店,德国,314,1033,14
零件,140 oz,蓝色,澳大利亚,自行车专卖店,英国,370,5788,76
零件,158 oz,红色,加拿大,自行车专卖店,美国,984,6047,35
零件,25 oz,蓝色,法国,经销商,澳大利亚,531,7845,83
零件,231 oz,红色,德国,经销商,加拿大,907,3829,15
零件,150 oz,蓝色,英国,经销商,法国,233,5546,80
零件,258 oz,红色,美国,经销商,德国,548,2777,74
零件,119 oz,蓝色,澳大利亚,经销商,英国,723,9333,10
零件,116 oz,蓝色,加拿大,经销商,美国,55,9755,21
零件,339 oz,绿色,德国,批发,澳大利亚,523,3115,73
零件,263 oz,白色,英国,批发,加拿大,978,1561,43
零件,30 oz,蓝色,美国,经销商,澳大利亚,522,7101,52
零件,349 oz,红色,澳大利亚,经销商,加拿大,681,6964,47
零件,67 oz,蓝色,加拿大,经销商,法国,166,1589,8
零件,70 oz,红色,澳大利亚,经销商,德国,342,7198,14
零件,17 oz,蓝色,加拿大,经销商,英国,654,8039,10
零件,270 oz,蓝色,法国,经销商,美国,259,8551,18
零件,247 oz,绿色,德国,批发,澳大利亚,756,3897,40
零件,114 oz,白色,英国,批发,加拿大,751,2158,16
零件,39 oz,绿色,美国,批发,澳大利亚,830,4341,63
零件,54 oz,白色,澳大利亚,批发,加拿大,789,7973,37
零件,344 oz,白色,加拿大,批发,法国,324,1908,73
零件,39 oz,蓝色,法国,批发,德国,831,6912,62
零件,314 oz,白色,德国,批发,英国,86,4346,96
零件,324 oz,蓝色,英国,批发,美国,181,3045,48
零件,148 oz,红色,美国,自行车专卖店,澳大利亚,295,3429,68
零件,105 oz,绿色,澳大利亚,自行车专卖店,加拿大,675,2581,3
零件,91 oz,红色,加拿大,自行车专卖店,法国,302,5919,46
零件,39 oz,蓝色,英国,自行车专卖店,德国,620,180,64
零件,4 oz,蓝色,美国,自行车专卖店,英国,390,2174,22
零件,266 oz,红色,澳大利亚,自行车专卖店,美国,698,2281,61
零件,114 oz,蓝色,加拿大,经销商,澳大利亚,195,3606,1
零件,220 oz,红色,法国,经销商,加拿大,542,6412,55
零件,15 oz,蓝色,德国,经销商,法国,159,7231,79
零件,203 oz,红色,英国,经销商,德国,190,6419,100
零件,257 oz,蓝色,美国,经销商,英国,440,9871,88
零件,236 oz,蓝色,澳大利亚,经销商,美国,935,9985,1
零件,50 oz,绿色,英国,批发,澳大利亚,971,4955,72
零件,194 oz,白色,美国,批发,加拿大,95,9544,69
零件,293 oz,蓝色,澳大利亚,经销商,澳大利亚,365,1431,94
零件,128 oz,红色,加拿大,经销商,加拿大,566,3776,49
零件,193 oz,蓝色,法国,经销商,法国,770,3037,59
零件,342 oz,红色,德国,经销商,德国,590,434,60
零件,44 oz,蓝色,英国,经销商,英国,903,9479,96
零件,123 oz,蓝色,美国,经销商,美国,278,8185,91
零件,235 oz,绿色,澳大利亚,批发,澳大利亚,551,1950,51
零件,307 oz,白色,英国,批发,加拿大,842,8212,55
零件,197 oz,绿色,美国,批发,澳大利亚,480,4721,56
零件,299 oz,白色,澳大利亚,批发,加拿大,705,9027,51
零件,174 oz,白色,加拿大,批发,法国,628,4955,30
零件,4 oz,蓝色,法国,批发,德国,458,8561,69
零件,108 oz,白色,德国,批发,英国,549,2214,73
零件,346 oz,蓝色,英国,批发,美国,179,6684,94
零件,236 oz,红色,美国,自行车专卖店,澳大利亚,96,2187,56
零件,323 oz,绿色,澳大利亚,自行车专卖店,加拿大,361,3485,76
零件,187 oz,红色,澳大利亚,自行车专卖店,法国,734,8064,42
零件,210 oz,蓝色,加拿大,自行车专卖店,德国,807,9929,32
零件,323 oz,蓝色,法国,自行车专卖店,英国,348,5143,36
零件,327 oz,红色,德国,自行车专卖店,美国,185,4411,76
零件,190 oz,蓝色,英国,经销商,澳大利亚,684,1641,17
零件,169 oz,红色,美国,经销商,加拿大,828,9451,55
零件,159 oz,蓝色,澳大利亚,经销商,法国,814,5582,65
零件,63 oz,红色,加拿大,经销商,德国,373,8757,53
零件,85 oz,蓝色,法国,经销商,英国,889,7752,85
零件,246 oz,蓝色,德国,经销商,美国,904,1064,17
零件,280 oz,绿色,英国,批发,澳大利亚,113,3945,92
零件,60 oz,白色,美国,批发,加拿大,342,2508,84
零件,257 oz,蓝色,澳大利亚,经销商,澳大利亚,557,8695,90
零件,103 oz,红色,加拿大,经销商,加拿大,198,5742,7
零件,184 oz,蓝色,澳大利亚,经销商,法国,188,3430,57
零件,340 oz,红色,加拿大,经销商,德国,331,4245,37
零件,251 oz,蓝色,法国,经销商,英国,34,5691,33
零件,92 oz,蓝色,德国,经销商,美国,231,936,33
零件,107 oz,绿色,澳大利亚,批发,澳大利亚,688,9925,8
零件,84 oz,白色,加拿大,批发,加拿大,53,7524,39
零件,202 oz,绿色,法国,批发,澳大利亚,822,5978,28
零件,309 oz,白色,德国,批发,加拿大,637,7137,25
零件,309 oz,白色,英国,批发,法国,180,5678,10
零件,348 oz,蓝色,美国,批发,德国,742,6056,33
零件,39 oz,白色,澳大利亚,批发,英国,782,8577,35
零件,104 oz,蓝色,加拿大,批发,美国,115,2586,99
零件,330 oz,红色,法国,自行车专卖店,澳大利亚,676,1980,30
零件,96 oz,绿色,德国,自行车专卖店,加拿大,904,1752,8
零件,14 oz,红色,英国,自行车专卖店,法国,981,7228,83
零件,166 oz,蓝色,美国,自行车专卖店,德国,383,3419,13
零件,298 oz,蓝色,澳大利亚,自行车专卖店,英国,189,6398,42
零件,112 oz,红色,加拿大,自行车专卖店,美国,423,2636,96
零件,203 oz,蓝色,澳大利亚,经销商,澳大利亚,61,3012,67
零件,18 oz,红色,加拿大,经销商,加拿大,781,6423,54
零件,347 oz,蓝色,法国,经销商,法国,758,687,4
零件,277 oz,红色,德国,经销商,德国,902,7931,31
零件,285 oz,蓝色,法国,经销商,英国,619,2797,1
零件,6 oz,蓝色,德国,经销商,美国,292,8841,22
零件,336 oz,绿色,英国,批发,澳大利亚,986,9811,59
零件,157 oz,白色,美国,批发,加拿大,194,1320,83
零件,101 oz,蓝色,澳大利亚,经销商,澳大利亚,890,7481,58
零件,346 oz,红色,加拿大,经销商,加拿大,381,5940,12
零件,205 oz,蓝色,澳大利亚,经销商,法国,735,633,57
零件,195 oz,红色,加拿大,经销商,德国,211,6508,36
零件,179 oz,蓝色,法国,经销商,英国,834,8234,8
零件,142 oz,蓝色,德国,经销商,美国,646,2296,18
零件,36 oz,绿色,英国,批发,澳大利亚,79,726,16
零件,190 oz,白色,美国,批发,加拿大,129,4956,32
零件,81 oz,绿色,澳大利亚,批发,澳大利亚,899,2927,70
零件,315 oz,白色,加拿大,批发,加拿大,266,3561,77
零件,92 oz,白色,法国,批发,法国,492,1519,76
零件,158 oz,蓝色,德国,批发,德国,519,2093,47
零件,223 oz,白色,法国,批发,英国,549,2363,50
零件,166 oz,蓝色,德国,批发,美国,444,9908,52
零件,236 oz,红色,英国,自行车专卖店,澳大利亚,899,6816,19
零件,27 oz,绿色,美国,自行车专卖店,加拿大,596,481,73
零件,28 oz,红色,澳大利亚,自行车专卖店,法国,102,9587,76
零件,292 oz,蓝色,加拿大,自行车专卖店,德国,189,8228,62
零件,50 oz,蓝色,澳大利亚,自行车专卖店,英国,70,9156,38
零件,20 oz,红色,加拿大,自行车专卖店,美国,476,1233,12
零件,152 oz,蓝色,法国,经销商,澳大利亚,466,6456,29
零件,224 oz,红色,德国,经销商,加拿大,119,5747,89
零件,18 oz,蓝色,英国,经销商,法国,887,9592,63
零件,287 oz,红色,美国,经销商,德国,730,826,83
零件,246 oz,蓝色,澳大利亚,经销商,英国,988,4096,90
零件,259 oz,蓝色,加拿大,经销商,美国,409,3091,47
零件,111 oz,绿色,法国,批发,澳大利亚,688,1801,99
零件,160 oz,白色,德国,批发,加拿大,312,2121,7
零件,313 oz,蓝色,德国,经销商,澳大利亚,193,2728,29
零件,57 oz,红色,英国,经销商,加拿大,866,4317,58
零件,175 oz,蓝色,美国,经销商,法国,672,703,97
零件,12 oz,红色,澳大利亚,经销商,德国,674,9810,72
零件,45 oz,蓝色,加拿大,经销商,英国,350,8356,0
零件,164 oz,蓝色,澳大利亚,经销商,美国,182,4151,93
零件,29 oz,绿色,加拿大,批发,澳大利亚,357,9535,87
零件,250 oz,白色,法国,批发,加拿大,72,6426,11
零件,55 oz,绿色,德国,批发,澳大利亚,752,9260,44
零件,45 oz,白色,英国,批发,加拿大,766,1411,10
零件,102 oz,白色,美国,批发,法国,351,4156,68
零件,48 oz,蓝色,澳大利亚,批发,德国,799,6014,55
零件,88 oz,白色,加拿大,批发,英国,536,3930,61
零件,302 oz,蓝色,法国,批发,美国,84,4657,85
零件,89 oz,红色,德国,自行车专卖店,澳大利亚,488,2746,1
零件,95 oz,绿色,英国,自行车专卖店,加拿大,758,8344,65
零件,45 oz,红色,美国,自行车专卖店,法国,322,8885,92
零件,311 oz,蓝色,澳大利亚,自行车专卖店,德国,909,4780,13
零件,171 oz,蓝色,加拿大,自行车专卖店,英国,687,4817,100
零件,155 oz,红色,法国,自行车专卖店,美国,116,4834,59
零件,25 oz,蓝色,德国,经销商,澳大利亚,797,2034,27
零件,301 oz,红色,英国,经销商,加拿大,746,402,86
零件,55 oz,蓝色,德国,经销商,法国,193,8886,1
零件,212 oz,红色,英国,经销商,德国,920,5339,48
零件,105 oz,蓝色,美国,经销商,英国,597,8674,45
零件,127 oz,蓝色,澳大利亚,经销商,美国,712,991,38
零件,303 oz,绿色,加拿大,批发,澳大利亚,923,4553,85
零件,304 oz,白色,澳大利亚,批发,加拿大,314,5330,50
零件,258 oz,蓝色,加拿大,经销商,澳大利亚,977,9449,54
零件,58 oz,红色,法国,经销商,加拿大,775,5980,24
零件,192 oz,蓝色,德国,经销商,法国,451,851,50
零件,1 oz,红色,英国,经销商,德国,102,581,36
零件,2 oz,蓝色,美国,经销商,英国,632,3152,20
零件,210 oz,蓝色,澳大利亚,经销商,美国,292,3785,37
零件,40 oz,绿色,加拿大,批发,澳大利亚,93,4998,14
零件,53 oz,白色,法国,批发,加拿大,440,2988,93
零件,245 oz,绿色,德国,批发,澳大利亚,388,2345,80
零件,228 oz,白色,英国,批发,加拿大,984,2116,79
零件,56 oz,白色,美国,批发,法国,48,742,14
零件,215 oz,蓝色,澳大利亚,批发,德国,992,2500,0
零件,81 oz,白色,加拿大,批发,英国,216,7771,82
零件,212 oz,蓝色,法国,批发,美国,543,927,46
零件,277 oz,红色,德国,自行车专卖店,澳大利亚,627,1674,18
零件,128 oz,绿色,英国,自行车专卖店,加拿大,452,6047,7
零件,193 oz,红色,澳大利亚,自行车专卖店,法国,911,5372,55
零件,70 oz,蓝色,加拿大,自行车专卖店,德国,373,7146,95
零件,271 oz,蓝色,法国,自行车专卖店,英国,588,756,6
零件,263 oz,红色,德国,自行车专卖店,美国,374,4335,20
零件,272 oz,蓝色,英国,经销商,澳大利亚,146,2658,44
零件,41 oz,红色,美国,经销商,加拿大,306,5543,73
零件,111 oz,蓝色,澳大利亚,经销商,法国,545,100,78
零件,153 oz,红色,加拿大,经销商,德国,387,757,40
零件,280 oz,蓝色,法国,经销商,英国,644,8997,66
零件,36 oz,蓝色,德国,经销商,美国,851,4247,9
零件,52 oz,绿色,英国,批发,澳大利亚,860,7795,39
零件,15 oz,白色,美国,批发,加拿大,305,1815,51
零件,349 oz,蓝色,澳大利亚,经销商,澳大利亚,837,1342,28
零件,309 oz,红色,加拿大,经销商,加拿大,456,8651,18
零件,116 oz,蓝色,法国,经销商,法国,214,150,35
零件,129 oz,红色,德国,经销商,德国,253,7619,31
零件,249 oz,蓝色,英国,经销商,英国,399,4001,20
零件,59 oz,蓝色,美国,经销商,美国,733,5481,93
零件,298 oz,绿色,加拿大,批发,澳大利亚,81,2426,63
零件,95 oz,白色,法国,批发,加拿大,920,7491,69
零件,349 oz,绿色,德国,批发,澳大利亚,750,6334,21
零件,172 oz,白色,英国,批发,加拿大,536,2329,70
零件,270 oz,白色,美国,批发,法国,943,3658,18
零件,289 oz,蓝色,澳大利亚,批发,德国,346,3765,42
零件,95 oz,白色,加拿大,批发,英国,203,398,18
零件,229 oz,蓝色,法国,批发,美国,978,497,81
汽车,140 oz,绿色,德国,自行车专卖店,澳大利亚,28849,15,69
汽车,140 oz,白色,英国,自行车专卖店,加拿大,41350,3,63
汽车,223 oz,绿色,美国,自行车专卖店,法国,34563,43,0
汽车,350 oz,红色,澳大利亚,自行车专卖店,德国,29638,59,78
汽车,279 oz,蓝色,加拿大,自行车专卖店,英国,53737,49,17
汽车,253 oz,白色,法国,自行车专卖店,美国,31974,57,58
汽车,193 oz,红色,德国,经销商,澳大利亚,58383,37,84
汽车,245 oz,绿色,英国,经销商,加拿大,52421,27,31
汽车,97 oz,红色,美国,经销商,法国,55410,41,30
汽车,145 oz,蓝色,澳大利亚,经销商,德国,32640,51,46
汽车,128 oz,白色,加拿大,经销商,英国,6529,27,82
汽车,102 oz,白色,法国,经销商,美国,7769,24,36
汽车,218 oz,红色,德国,批发,澳大利亚,30275,60,62
汽车,342 oz,蓝色,英国,批发,加拿大,27607,51,62
汽车,108 oz,白色,美国,批发,法国,25123,49,51
汽车,185 oz,红色,澳大利亚,批发,德国,19302,60,0
汽车,30 oz,白色,加拿大,批发,英国,23360,33,83
汽车,90 oz,白色,法国,批发,美国,11932,33,89
汽车,19 oz,绿色,德国,自行车专卖店,澳大利亚,37690,47,73
汽车,145 oz,白色,英国,自行车专卖店,加拿大,4210,28,55
汽车,188 oz,绿色,美国,自行车专卖店,法国,37789,7,35
汽车,115 oz,红色,澳大利亚,自行车专卖店,德国,19231,43,98
汽车,46 oz,蓝色,加拿大,自行车专卖店,英国,35546,33,69
汽车,272 oz,白色,法国,自行车专卖店,美国,8564,53,94
汽车,300 oz,红色,德国,经销商,澳大利亚,8640,56,21
汽车,290 oz,绿色,英国,经销商,加拿大,27166,39,69
汽车,159 oz,红色,美国,经销商,法国,41694,56,31
汽车,140 oz,蓝色,澳大利亚,经销商,德国,32146,58,31
汽车,345 oz,白色,加拿大,经销商,英国,41357,37,34
汽车,69 oz,白色,法国,经销商,美国,51936,45,87
汽车,151 oz,红色,德国,批发,澳大利亚,388436,50,19
汽车,269 oz,蓝色,英国,批发,加拿大,30384,3,98
汽车,205 oz,白色,美国,批发,法国,50190,6,15
汽车,34 oz,红色,澳大利亚,批发,德国,173481,5,92
汽车,259 oz,白色,加拿大,批发,英国,14598,37,4
汽车,37 oz,白色,法国,批发,美国,20013,3,64
汽车,255 oz,绿色,德国,自行车专卖店,澳大利亚,40203,12,53
汽车,240 oz,白色,英国,自行车专卖店,加拿大,19505,2,56
汽车,102 oz,绿色,美国,自行车专卖店,法国,56675,35,41
汽车,99 oz,红色,澳大利亚,自行车专卖店,德国,52117,4,81
汽车,6 oz,蓝色,加拿大,自行车专卖店,英国,8902,5,62
汽车,344 oz,白色,法国,自行车专卖店,美国,57322,44,57
汽车,341 oz,红色,德国,经销商,澳大利亚,13667,29,66
汽车,87 oz,绿色,英国,经销商,加拿大,68483,23,31
汽车,109 oz,红色,美国,经销商,法国,12979,4,34
汽车,229 oz,蓝色,澳大利亚,经销商,德国,16950,4,99
汽车,127 oz,白色,法国,经销商,英国,12766,59,68
汽车,310 oz,白色,德国,经销商,美国,20699,38,89
汽车,24 oz,红色,英国,批发,澳大利亚,36607,59,18
汽车,312 oz,蓝色,美国,批发,加拿大,15976,29,51
汽车,236 oz,白色,澳大利亚,批发,法国,7043,27,89
汽车,53 oz,红色,加拿大,批发,德国,6662,31,52
汽车,280 oz,白色,法国,批发,英国,22318,7,42
汽车,303 oz,白色,德国,批发,美国,43935,55,12
配件,36 oz,红色,英国,自行车专卖店,澳大利亚,174,605,43
配件,65 oz,黄色,美国,自行车专卖店,加拿大,502,825,33
配件,6 oz,白色,澳大利亚,自行车专卖店,法国,242,71,41
配件,2 oz,黄色,加拿大,自行车专卖店,德国,102,561,92
配件,90 oz,红色,法国,自行车专卖店,英国,126,233,49
配件,23 oz,黄色,德国,自行车专卖店,美国,1246,331,98
配件,148 oz,绿色,英国,经销商,澳大利亚,680,144,11
配件,97 oz,黄色,法国,经销商,加拿大,1241,483,21
配件,198 oz,黄色,德国,经销商,法国,150,99,12
配件,281 oz,红色,英国,经销商,德国,244,686,75
配件,3 oz,黄色,美国,经销商,英国,501,126,20
配件,111 oz,红色,澳大利亚,经销商,美国,4960,930,39
配件,135 oz,黄色,加拿大,批发,澳大利亚,9,966,90
配件,304 oz,红色,法国,批发,加拿大,3655,999,73
配件,25 oz,绿色,德国,批发,法国,1654,959,99
配件,185 oz,黄色,英国,批发,德国,1190,28,53
配件,10 oz,红色,美国,批发,英国,1222,405,41
配件,237 oz,白色,澳大利亚,批发,美国,7941,84,61
自行车,16 oz,白色,加拿大,自行车专卖店,澳大利亚,7310,31,44
自行车,122 oz,红色,法国,自行车专卖店,加拿大,9423,21,79
自行车,3 oz,红色,德国,自行车专卖店,法国,9225,20,58
自行车,86 oz,绿色,英国,自行车专卖店,德国,1624,48,74
自行车,306 oz,绿色,法国,自行车专卖店,英国,7217,31,81
自行车,172 oz,绿色,德国,自行车专卖店,美国,4467,16,90
自行车,87 oz,绿色,英国,经销商,澳大利亚,3449,63,6
自行车,334 oz,红色,美国,经销商,加拿大,738,35,28
自行车,107 oz,黄色,澳大利亚,经销商,法国,8457,35,99
自行车,350 oz,红色,加拿大,经销商,德国,2876,20,99
自行车,327 oz,蓝色,法国,经销商,英国,8142,29,36
自行车,37 oz,红色,德国,经销商,美国,5042,73,23
自行车,276 oz,蓝色,英国,批发,澳大利亚,8393,56,97
自行车,53 oz,蓝色,美国,批发,加拿大,2002,53,88
自行车,281 oz,紫色,澳大利亚,批发,法国,5532,92,61
自行车,108 oz,红色,加拿大,批发,德国,6665,87,99
自行车,192 oz,蓝色,法国,批发,英国,3449,91,39
自行车,181 oz,蓝色,德国,批发,美国,3871,41,55
服装,228 oz,黄色,英国,自行车专卖店,澳大利亚,573,1850,87
服装,226 oz,蓝色,英国,自行车专卖店,加拿大,122,2474,53
服装,77 oz,蓝色,美国,自行车专卖店,法国,358,9752,53
服装,112 oz,蓝色,澳大利亚,自行车专卖店,德国,535,9996,3
服装,292 oz,白色,加拿大,自行车专卖店,英国,12,3128,52
服装,22 oz,紫色,法国,自行车专卖店,美国,422,6602,60
服装,133 oz,红色,德国,经销商,澳大利亚,548,4819,82
服装,235 oz,紫色,英国,经销商,加拿大,955,3379,93
服装,107 oz,绿色,美国,经销商,法国,919,3763,36
服装,230 oz,红色,澳大利亚,经销商,德国,772,7329,67
服装,161 oz,白色,加拿大,经销商,英国,322,6948,64
服装,328 oz,白色,法国,经销商,美国,153,2122,64
服装,108 oz,红色,德国,批发,澳大利亚,56,4993,36
服装,190 oz,蓝色,英国,批发,加拿大,269,6431,29
服装,54 oz,绿色,美国,批发,法国,797,7253,74
服装,198 oz,蓝色,澳大利亚,批发,德国,593,3836,5
服装,63 oz,绿色,加拿大,批发,英国,957,5405,80
服装,169 oz,绿色,法国,批发,美国,976,6190,54
零件,312 oz,红色,德国,自行车专卖店,澳大利亚,645,7079,18
零件,115 oz,绿色,英国,自行车专卖店,加拿大,445,7289,72
零件,240 oz,红色,美国,自行车专卖店,法国,73,8624,10
零件,18 oz,蓝色,澳大利亚,自行车专卖店,德国,776,3344,76
零件,48 oz,蓝色,加拿大,自行车专卖店,英国,444,2591,82
零件,46 oz,红色,法国,自行车专卖店,美国,547,9271,46
零件,124 oz,蓝色,德国,经销商,澳大利亚,58,1469,12
零件,155 oz,红色,英国,经销商,加拿大,95,5239,54
零件,172 oz,蓝色,美国,经销商,法国,193,4019,98
零件,119 oz,红色,澳大利亚,经销商,德国,383,8248,9
零件,27 oz,蓝色,加拿大,经销商,英国,344,5566,72
零件,225 oz,蓝色,法国,经销商,美国,365,4454,20
零件,214 oz,绿色,德国,批发,澳大利亚,543,5380,69
零件,97 oz,白色,英国,批发,加拿大,687,4264,43
零件,25 oz,蓝色,美国,经销商,澳大利亚,283,791,95
零件,267 oz,红色,澳大利亚,经销商,加拿大,35,1843,90
零件,57 oz,蓝色,加拿大,经销商,法国,844,8074,20
零件,142 oz,红色,法国,经销商,德国,754,8246,20
零件,151 oz,蓝色,德国,经销商,英国,533,6920,24
零件,183 oz,蓝色,英国,经销商,美国,139,6053,83
零件,267 oz,绿色,美国,批发,澳大利亚,551,5177,84
零件,330 oz,白色,澳大利亚,批发,加拿大,455,1610,32
零件,9 oz,绿色,法国,批发,澳大利亚,805,9759,52
零件,54 oz,白色,德国,批发,加拿大,207,8172,79
零件,18 oz,白色,英国,批发,法国,360,2152,18
零件,174 oz,蓝色,美国,批发,德国,929,5383,83
零件,48 oz,白色,澳大利亚,批发,英国,225,2347,48
零件,196 oz,蓝色,加拿大,批发,美国,52,551,45
零件,30 oz,红色,法国,自行车专卖店,澳大利亚,25,3937,31
零件,226 oz,绿色,德国,自行车专卖店,加拿大,85,4960,24
零件,288 oz,红色,英国,自行车专卖店,法国,846,4494,23
零件,142 oz,蓝色,美国,自行车专卖店,德国,122,5248,99
零件,343 oz,蓝色,澳大利亚,自行车专卖店,英国,542,8465,68
零件,126 oz,红色,加拿大,自行车专卖店,美国,645,3214,84
零件,202 oz,蓝色,法国,经销商,澳大利亚,995,5569,85
零件,97 oz,红色,德国,经销商,加拿大,485,329,62
零件,272 oz,蓝色,英国,经销商,法国,212,4057,27
零件,334 oz,红色,法国,经销商,德国,183,1242,74
零件,301 oz,蓝色,德国,经销商,英国,502,6990,4
零件,324 oz,蓝色,英国,经销商,美国,678,2603,99
零件,78 oz,绿色,美国,批发,澳大利亚,224,403,62
零件,250 oz,白色,澳大利亚,批发,加拿大,765,672,29
零件,35 oz,蓝色,加拿大,经销商,澳大利亚,193,3731,53
零件,289 oz,红色,法国,经销商,加拿大,793,849,62
零件,193 oz,蓝色,德国,经销商,法国,958,2509,37
零件,181 oz,红色,英国,经销商,德国,891,4710,67
零件,38 oz,蓝色,美国,经销商,英国,69,7560,41
零件,185 oz,蓝色,澳大利亚,经销商,美国,479,1757,83
零件,103 oz,绿色,加拿大,批发,澳大利亚,34,2740,27
零件,175 oz,白色,法国,批发,加拿大,992,9024,50
零件,216 oz,绿色,德国,批发,澳大利亚,754,703,42
零件,160 oz,白色,英国,批发,加拿大,908,8846,36
零件,272 oz,白色,法国,批发,法国,166,9070,49
零件,92 oz,蓝色,德国,批发,德国,831,5055,6
零件,274 oz,白色,英国,批发,英国,313,4520,30
零件,281 oz,蓝色,美国,批发,美国,616,3911,13
零件,132 oz,红色,澳大利亚,自行车专卖店,澳大利亚,636,4305,89
零件,150 oz,绿色,加拿大,自行车专卖店,加拿大,601,400,72
零件,316 oz,红色,法国,自行车专卖店,法国,680,414,43
零件,159 oz,蓝色,德国,自行车专卖店,德国,707,8900,54
零件,84 oz,蓝色,英国,自行车专卖店,英国,877,1662,29
零件,301 oz,红色,美国,自行车专卖店,美国,706,7611,21
零件,91 oz,蓝色,澳大利亚,经销商,澳大利亚,495,6507,15
零件,125 oz,红色,加拿大,经销商,加拿大,370,3836,16
零件,149 oz,蓝色,法国,经销商,法国,490,8751,99
零件,50 oz,红色,德国,经销商,德国,207,5350,3
零件,299 oz,蓝色,英国,经销商,英国,287,3216,1
零件,110 oz,蓝色,英国,经销商,美国,366,1157,94
零件,282 oz,绿色,美国,批发,澳大利亚,660,3618,58
零件,100 oz,白色,澳大利亚,批发,加拿大,502,8895,99
零件,317 oz,蓝色,加拿大,经销商,澳大利亚,691,1936,62
零件,254 oz,红色,法国,经销商,加拿大,765,3610,37
零件,38 oz,蓝色,德国,经销商,法国,903,8582,50
零件,122 oz,红色,英国,经销商,德国,766,5804,27
零件,129 oz,蓝色,美国,经销商,英国,315,8684,65
零件,196 oz,蓝色,澳大利亚,经销商,美国,246,267,25
零件,322 oz,绿色,加拿大,批发,澳大利亚,619,9788,23
零件,156 oz,白色,法国,批发,加拿大,674,5068,80
零件,212 oz,绿色,德国,批发,澳大利亚,511,4314,53
零件,349 oz,白色,英国,批发,加拿大,706,8906,61
零件,220 oz,白色,美国,批发,法国,338,3630,42
零件,286 oz,蓝色,澳大利亚,批发,德国,34,6256,74
零件,287 oz,白色,加拿大,批发,英国,222,945,89
零件,10 oz,蓝色,法国,批发,美国,962,4718,97
零件,296 oz,红色,德国,自行车专卖店,澳大利亚,954,977,59
零件,168 oz,绿色,英国,自行车专卖店,加拿大,954,6371,73
零件,105 oz,红色,美国,自行车专卖店,法国,366,3357,30
零件,242 oz,蓝色,澳大利亚,自行车专卖店,德国,666,5730,88
零件,327 oz,蓝色,加拿大,自行车专卖店,英国,489,9161,91
零件,276 oz,红色,法国,自行车专卖店,美国,960,1492,16
零件,250 oz,蓝色,德国,经销商,澳大利亚,908,6235,94
零件,76 oz,红色,英国,经销商,加拿大,861,6070,62
零件,45 oz,蓝色,美国,经销商,法国,74,3358,9
零件,137 oz,红色,澳大利亚,经销商,德国,119,3431,61
零件,270 oz,蓝色,加拿大,经销商,英国,663,1399,26
零件,129 oz,蓝色,法国,经销商,美国,32,5544,99
零件,34 oz,绿色,德国,批发,澳大利亚,625,7303,2
零件,65 oz,白色,英国,批发,加拿大,376,879,8
零件,124 oz,蓝色,美国,经销商,澳大利亚,622,4345,71
零件,46 oz,红色,澳大利亚,经销商,加拿大,53,6543,65
零件,174 oz,蓝色,加拿大,经销商,法国,846,3878,60
零件,6 oz,红色,法国,经销商,德国,743,4086,95
零件,131 oz,蓝色,德国,经销商,英国,412,9739,29
零件,186 oz,蓝色,英国,经销商,美国,500,4686,69
零件,173 oz,绿色,美国,批发,澳大利亚,11,521,80
零件,277 oz,白色,澳大利亚,批发,加拿大,624,4697,32
零件,292 oz,绿色,法国,批发,澳大利亚,483,6271,75
零件,140 oz,白色,德国,批发,加拿大,384,9825,32
零件,197 oz,白色,英国,批发,法国,277,8509,57
零件,87 oz,蓝色,美国,批发,德国,614,7424,72
零件,107 oz,白色,澳大利亚,批发,英国,913,7601,74
零件,9 oz,蓝色,加拿大,批发,美国,610,9938,16
零件,200 oz,红色,法国,自行车专卖店,澳大利亚,965,2181,49
零件,284 oz,绿色,德国,自行车专卖店,加拿大,794,9925,37
零件,83 oz,红色,英国,自行车专卖店,法国,632,8874,43
零件,327 oz,蓝色,美国,自行车专卖店,德国,418,7398,1
零件,259 oz,蓝色,澳大利亚,自行车专卖店,英国,680,320,82
零件,126 oz,红色,加拿大,自行车专卖店,美国,44,9688,73
零件,109 oz,蓝色,法国,经销商,澳大利亚,195,3271,93
零件,7 oz,红色,德国,经销商,加拿大,938,5153,25
零件,205 oz,蓝色,英国,经销商,法国,768,2423,69
零件,303 oz,红色,法国,经销商,德国,567,127,51
零件,125 oz,蓝色,德国,经销商,英国,521,8131,46
零件,321 oz,蓝色,英国,经销商,美国,928,8763,16
零件,56 oz,绿色,美国,批发,澳大利亚,949,2054,79
零件,223 oz,白色,澳大利亚,批发,加拿大,113,552,0
零件,299 oz,蓝色,加拿大,经销商,澳大利亚,273,1418,67
零件,86 oz,红色,法国,经销商,加拿大,669,2752,13
零件,96 oz,蓝色,德国,经销商,法国,905,2326,16
零件,324 oz,红色,英国,经销商,德国,996,7181,15
零件,169 oz,蓝色,美国,经销商,英国,265,6498,72
零件,246 oz,蓝色,澳大利亚,经销商,美国,376,8198,4
零件,147 oz,绿色,加拿大,批发,澳大利亚,541,5319,73
零件,142 oz,白色,法国,批发,加拿大,529,6244,72
零件,22 oz,绿色,德国,批发,澳大利亚,363,8279,24
零件,78 oz,白色,英国,批发,加拿大,713,5587,47
零件,343 oz,白色,法国,批发,法国,411,8200,54
零件,346 oz,蓝色,德国,批发,德国,247,9598,2
零件,247 oz,白色,英国,批发,英国,781,3662,63
零件,325 oz,蓝色,美国,批发,美国,175,3539,53
零件,27 oz,红色,澳大利亚,自行车专卖店,澳大利亚,609,2904,19
零件,269 oz,绿色,加拿大,自行车专卖店,加拿大,72,4962,67
零件,71 oz,红色,法国,自行车专卖店,法国,344,7016,67
零件,264 oz,蓝色,德国,自行车专卖店,德国,874,4941,39
零件,177 oz,蓝色,英国,自行车专卖店,英国,578,5169,20
零件,161 oz,红色,美国,自行车专卖店,美国,505,3668,28
零件,312 oz,蓝色,澳大利亚,经销商,澳大利亚,586,5521,3
零件,149 oz,红色,加拿大,经销商,加拿大,950,4597,74
零件,21 oz,蓝色,法国,经销商,法国,302,963,68
零件,2 oz,红色,德国,经销商,德国,648,9159,60
零件,169 oz,蓝色,英国,经销商,英国,487,7781,43
零件,5 oz,蓝色,德国,经销商,美国,262,5294,66
零件,103 oz,绿色,英国,批发,澳大利亚,697,3467,62
零件,217 oz,白色,美国,批发,加拿大,608,523,17
零件,49 oz,蓝色,澳大利亚,经销商,澳大利亚,504,9693,44
零件,68 oz,红色,加拿大,经销商,加拿大,778,3778,97
零件,320 oz,蓝色,法国,经销商,法国,51,8972,60
零件,175 oz,红色,德国,经销商,德国,675,9852,48
零件,344 oz,蓝色,英国,经销商,英国,428,5002,72
零件,91 oz,蓝色,美国,经销商,美国,330,2568,62
零件,38 oz,绿色,澳大利亚,批发,澳大利亚,785,3211,55
零件,94 oz,白色,加拿大,批发,加拿大,243,7902,19
零件,55 oz,绿色,法国,批发,澳大利亚,331,299,85
零件,273 oz,白色,德国,批发,加拿大,768,1347,74
零件,143 oz,白色,英国,批发,法国,319,2080,38
零件,261 oz,蓝色,美国,批发,德国,401,598,90
零件,329 oz,白色,澳大利亚,批发,英国,576,412,28
零件,273 oz,蓝色,加拿大,批发,美国,950,2507,53
零件,206 oz,红色,法国,自行车专卖店,澳大利亚,381,1925,35
零件,347 oz,绿色,德国,自行车专卖店,加拿大,79,4682,45
零件,124 oz,红色,英国,自行车专卖店,法国,357,583,9
零件,117 oz,蓝色,美国,自行车专卖店,德国,309,9357,52
零件,44 oz,蓝色,澳大利亚,自行车专卖店,英国,83,9559,67
零件,172 oz,红色,加拿大,自行车专卖店,美国,77,7107,39
零件,176 oz,蓝色,法国,经销商,澳大利亚,152,7686,38
零件,322 oz,红色,德国,经销商,加拿大,46,9908,62
零件,222 oz,蓝色,英国,经销商,法国,104,1092,49
零件,194 oz,红色,美国,经销商,德国,86,2975,87
零件,215 oz,蓝色,澳大利亚,经销商,英国,743,8945,40
零件,146 oz,蓝色,加拿大,经销商,美国,666,6199,14
零件,272 oz,绿色,法国,批发,澳大利亚,376,9751,76
零件,101 oz,白色,德国,批发,加拿大,391,4799,51
零件,130 oz,蓝色,英国,经销商,澳大利亚,636,650,32
零件,188 oz,红色,美国,经销商,加拿大,656,5629,53
零件,76 oz,蓝色,澳大利亚,经销商,法国,229,7565,87
零件,141 oz,红色,加拿大,经销商,德国,413,6320,59
零件,350 oz,蓝色,法国,经销商,英国,802,5251,53
零件,81 oz,蓝色,德国,经销商,美国,337,1825,36
零件,349 oz,绿色,英国,批发,澳大利亚,631,1818,7
零件,182 oz,白色,美国,批发,加拿大,482,2118,32
零件,276 oz,绿色,澳大利亚,批发,澳大利亚,717,124,8
零件,77 oz,白色,加拿大,批发,加拿大,405,980,18
零件,228 oz,白色,法国,批发,法国,108,6474,54
零件,49 oz,蓝色,德国,批发,德国,190,3303,72
零件,187 oz,白色,英国,批发,英国,328,9574,94
零件,322 oz,蓝色,美国,批发,美国,841,4661,44
零件,69 oz,红色,澳大利亚,自行车专卖店,澳大利亚,847,4541,78
零件,194 oz,绿色,加拿大,自行车专卖店,加拿大,843,6201,28
零件,238 oz,红色,法国,自行车专卖店,法国,958,1885,81
零件,241 oz,蓝色,德国,自行车专卖店,德国,496,2066,32
零件,4 oz,蓝色,英国,自行车专卖店,英国,504,7668,98
零件,135 oz,红色,美国,自行车专卖店,美国,40,8296,14
零件,162 oz,蓝色,澳大利亚,经销商,澳大利亚,777,6754,88
零件,244 oz,红色,加拿大,经销商,加拿大,457,5011,86
零件,322 oz,蓝色,法国,经销商,法国,532,3745,99
零件,110 oz,红色,德国,经销商,德国,260,8153,87
零件,196 oz,蓝色,英国,经销商,英国,329,8625,50
零件,234 oz,蓝色,美国,经销商,美国,364,762,88
零件,26 oz,绿色,澳大利亚,批发,澳大利亚,961,5083,19
零件,256 oz,白色,加拿大,批发,加拿大,740,6461,85
零件,263 oz,蓝色,澳大利亚,经销商,澳大利亚,393,5756,26
零件,269 oz,红色,加拿大,经销商,加拿大,499,2359,11
零件,324 oz,蓝色,法国,经销商,法国,412,4512,78
零件,15 oz,红色,德国,经销商,德国,797,4892,31
零件,306 oz,蓝色,英国,经销商,英国,730,7342,72
零件,91 oz,蓝色,美国,经销商,美国,578,6783,48
零件,58 oz,绿色,澳大利亚,批发,澳大利亚,718,8154,73
零件,59 oz,白色,加拿大,批发,加拿大,807,2875,11
零件,306 oz,绿色,澳大利亚,批发,澳大利亚,598,4782,31
零件,132 oz,白色,加拿大,批发,加拿大,412,440,24
零件,147 oz,白色,法国,批发,法国,407,9706,32
零件,231 oz,蓝色,德国,批发,德国,480,3599,1
零件,304 oz,白色,英国,批发,英国,755,7251,92
零件,76 oz,蓝色,美国,批发,美国,96,8862,33
汽车,4 oz,绿色,澳大利亚,自行车专卖店,澳大利亚,28832,20,30
汽车,245 oz,白色,加拿大,自行车专卖店,加拿大,25115,38,5
汽车,33 oz,绿色,法国,自行车专卖店,法国,44932,17,70
汽车,54 oz,红色,德国,自行车专卖店,德国,54071,11,61
汽车,35 oz,蓝色,英国,自行车专卖店,英国,59030,49,55
汽车,114 oz,白色,美国,自行车专卖店,美国,46757,40,12
汽车,97 oz,红色,澳大利亚,经销商,澳大利亚,43134,32,41
汽车,308 oz,绿色,加拿大,经销商,加拿大,9403,23,95
汽车,168 oz,红色,法国,经销商,法国,20437,10,49
汽车,79 oz,蓝色,德国,经销商,德国,7726,38,27
汽车,50 oz,白色,英国,经销商,英国,36101,17,83
汽车,34 oz,白色,美国,经销商,美国,2280,24,69
汽车,112 oz,红色,澳大利亚,批发,澳大利亚,36395,33,30
汽车,136 oz,蓝色,加拿大,批发,加拿大,38544,7,85
汽车,293 oz,白色,澳大利亚,批发,法国,51754,9,13
汽车,62 oz,红色,加拿大,批发,德国,35354,1,95
汽车,171 oz,白色,法国,批发,英国,51742,34,39
汽车,8 oz,白色,德国,批发,美国,15310,38,49
汽车,159 oz,绿色,英国,自行车专卖店,澳大利亚,4550,16,54
汽车,121 oz,白色,美国,自行车专卖店,加拿大,18582,58,59
汽车,18 oz,绿色,澳大利亚,自行车专卖店,法国,47120,42,100
汽车,276 oz,红色,加拿大,自行车专卖店,德国,15100,36,53
汽车,52 oz,蓝色,澳大利亚,自行车专卖店,英国,6606,37,55
汽车,295 oz,白色,加拿大,自行车专卖店,美国,10684,43,65
汽车,106 oz,红色,法国,经销商,澳大利亚,20976,55,33
汽车,144 oz,绿色,德国,经销商,加拿大,34487,40,60
汽车,284 oz,红色,英国,经销商,法国,33428,52,91
汽车,108 oz,蓝色,美国,经销商,德国,23236,45,86
汽车,62 oz,白色,澳大利亚,经销商,英国,8303,10,91
汽车,120 oz,白色,加拿大,经销商,美国,38552,15,6
汽车,156 oz,红色,法国,批发,澳大利亚,9718,18,76
汽车,261 oz,蓝色,德国,批发,加拿大,39460,5,39
汽车,339 oz,白色,英国,批发,法国,22319,58,83
汽车,339 oz,红色,美国,批发,德国,37048,49,59
汽车,325 oz,白色,澳大利亚,批发,英国,36241,59,43
汽车,322 oz,白色,加拿大,批发,美国,13270,42,31
汽车,326 oz,绿色,法国,自行车专卖店,澳大利亚,9065,2,57
汽车,67 oz,白色,德国,自行车专卖店,加拿大,7560,28,9
汽车,48 oz,绿色,英国,自行车专卖店,法国,32950,35,14
汽车,181 oz,红色,美国,自行车专卖店,德国,47837,16,35
汽车,211 oz,蓝色,澳大利亚,自行车专卖店,英国,15195,19,24
汽车,192 oz,白色,加拿大,自行车专卖店,美国,34759,37,64
汽车,256 oz,红色,澳大利亚,经销商,澳大利亚,21195,1,30
汽车,48 oz,绿色,加拿大,经销商,加拿大,623,55,19
汽车,348 oz,红色,法国,经销商,法国,27052,41,91
汽车,158 oz,蓝色,德国,经销商,德国,37983,58,74
汽车,277 oz,白色,英国,经销商,英国,22172,1,44
汽车,257 oz,白色,美国,经销商,美国,21879,36,10
汽车,115 oz,红色,澳大利亚,批发,澳大利亚,40065,45,0
汽车,338 oz,蓝色,加拿大,批发,加拿大,10116,52,42
汽车,87 oz,白色,澳大利亚,批发,法国,43266,30,91
汽车,287 oz,红色,加拿大,批发,德国,56999,58,58
汽车,240 oz,白色,法国,批发,英国,31754,55,79
汽车,219 oz,白色,德国,批发,美国,29428,42,36
零件,75 oz,蓝色,法国,经销商,英国,999,6023,28
零件,247 oz,蓝色,德国,经销商,美国,168,1863,75
零件,97 oz,绿色,英国,批发,澳大利亚,892,3917,96
零件,297 oz,白色,美国,批发,加拿大,418,3832,50
零件,350 oz,绿色,澳大利亚,批发,澳大利亚,459,9624,47
零件,201 oz,白色,加拿大,批发,加拿大,757,1642,66
零件,89 oz,白色,法国,批发,法国,225,2104,0
零件,4 oz,蓝色,德国,批发,德国,890,1531,84
零件,279 oz,白色,英国,批发,英国,662,1698,61
零件,22 oz,蓝色,美国,批发,美国,505,1213,46
零件,238 oz,红色,澳大利亚,自行车专卖店,澳大利亚,996,6706,70
零件,308 oz,绿色,加拿大,自行车专卖店,加拿大,245,2272,21
零件,346 oz,红色,法国,自行车专卖店,法国,388,2326,36
零件,19 oz,蓝色,德国,自行车专卖店,德国,632,3212,95
零件,107 oz,蓝色,英国,自行车专卖店,英国,576,4015,64
零件,170 oz,红色,美国,自行车专卖店,美国,783,9245,25
零件,173 oz,蓝色,澳大利亚,经销商,澳大利亚,30,846,36
零件,92 oz,红色,加拿大,经销商,加拿大,102,2788,13
零件,60 oz,蓝色,法国,经销商,法国,611,5158,4
零件,225 oz,红色,德国,经销商,德国,241,2085,21
零件,282 oz,蓝色,英国,经销商,英国,490,7373,28
零件,315 oz,蓝色,美国,经销商,美国,646,4248,19
零件,62 oz,绿色,澳大利亚,批发,澳大利亚,55,5314,39
零件,235 oz,白色,加拿大,批发,加拿大,33,1713,46
零件,127 oz,蓝色,澳大利亚,经销商,澳大利亚,473,6585,49
零件,328 oz,红色,加拿大,经销商,加拿大,322,1877,62
零件,271 oz,蓝色,法国,经销商,法国,235,6409,93
零件,324 oz,红色,德国,经销商,德国,683,9767,17
零件,43 oz,蓝色,英国,经销商,英国,657,1580,47
零件,160 oz,蓝色,美国,经销商,美国,774,4956,2
零件,63 oz,绿色,澳大利亚,批发,澳大利亚,595,2661,99
零件,163 oz,白色,加拿大,批发,加拿大,564,9512,25
零件,182 oz,绿色,澳大利亚,批发,澳大利亚,365,5654,85
零件,18 oz,白色,加拿大,批发,加拿大,273,1169,23
零件,297 oz,白色,法国,批发,法国,462,8007,62
零件,121 oz,蓝色,德国,批发,德国,635,6827,7
零件,208 oz,白色,英国,批发,英国,53,3817,22
零件,71 oz,蓝色,美国,批发,美国,362,4733,40
汽车,194 oz,绿色,澳大利亚,自行车专卖店,澳大利亚,8684,39,100
汽车,145 oz,白色,加拿大,自行车专卖店,加拿大,19963,56,34
汽车,115 oz,绿色,法国,自行车专卖店,法国,19938,47,33
汽车,33 oz,红色,德国,自行车专卖店,德国,6088,58,76
汽车,42 oz,蓝色,英国,自行车专卖店,英国,25832,3,94
汽车,252 oz,白色,美国,自行车专卖店,美国,25706,15,98
汽车,221 oz,红色,澳大利亚,经销商,澳大利亚,36145,58,97
汽车,91 oz,绿色,加拿大,经销商,加拿大,46466,52,22
汽车,106 oz,红色,法国,经销商,法国,16873,47,38
汽车,124 oz,蓝色,德国,经销商,德国,1586,3,68
汽车,71 oz,白色,英国,经销商,英国,8947,44,72
汽车,314 oz,白色,美国,经销商,美国,43687,46,46
汽车,329 oz,红色,澳大利亚,批发,澳大利亚,25947,36,17
汽车,255 oz,蓝色,加拿大,批发,加拿大,23972,36,49
汽车,241 oz,白色,澳大利亚,批发,法国,5717,23,96
汽车,188 oz,红色,加拿大,批发,德国,39056,7,7
零件,307 oz,蓝色,法国,经销商,英国,660,5623,83
零件,185 oz,蓝色,德国,经销商,美国,176,1401,35
零件,108 oz,绿色,英国,批发,澳大利亚,994,9882,1
零件,249 oz,白色,美国,批发,加拿大,962,3258,89
零件,145 oz,绿色,澳大利亚,批发,澳大利亚,483,6517,86
零件,58 oz,白色,加拿大,批发,加拿大,146,9510,93
零件,340 oz,白色,法国,批发,法国,270,182,42
零件,300 oz,蓝色,德国,批发,德国,215,5292,23
零件,349 oz,白色,英国,批发,英国,859,6227,74
零件,240 oz,蓝色,美国,批发,美国,703,539,18
零件,285 oz,红色,澳大利亚,自行车专卖店,澳大利亚,172,1409,67
零件,169 oz,绿色,加拿大,自行车专卖店,加拿大,776,4987,4
零件,79 oz,红色,法国,自行车专卖店,法国,195,1834,19
零件,220 oz,蓝色,德国,自行车专卖店,德国,562,7903,0
零件,178 oz,蓝色,英国,自行车专卖店,英国,469,8694,8
零件,194 oz,红色,美国,自行车专卖店,美国,318,3636,68
零件,15 oz,蓝色,澳大利亚,经销商,澳大利亚,941,750,25
零件,147 oz,红色,加拿大,经销商,加拿大,220,8586,36
零件,115 oz,蓝色,法国,经销商,法国,58,8024,78
零件,136 oz,红色,德国,经销商,德国,48,8552,59
零件,198 oz,蓝色,英国,经销商,英国,700,3292,80
零件,84 oz,蓝色,美国,经销商,美国,594,4517,17
零件,236 oz,绿色,澳大利亚,批发,澳大利亚,61,6171,31
零件,311 oz,白色,加拿大,批发,加拿大,560,4815,59
零件,129 oz,蓝色,澳大利亚,经销商,澳大利亚,958,4967,23
零件,234 oz,红色,加拿大,经销商,加拿大,206,7635,47
零件,238 oz,蓝色,法国,经销商,法国,40,2057,89
零件,317 oz,红色,德国,经销商,德国,208,7764,19
零件,139 oz,蓝色,英国,经销商,英国,917,4945,54
零件,60 oz,蓝色,美国,经销商,美国,226,7058,82
零件,162 oz,绿色,澳大利亚,批发,澳大利亚,995,6785,59
零件,137 oz,白色,加拿大,批发,加拿大,14,5222,15
零件,88 oz,绿色,澳大利亚,批发,澳大利亚,347,9027,78
零件,81 oz,白色,加拿大,批发,加拿大,306,917,84
零件,287 oz,白色,法国,批发,法国,308,3216,52
零件,177 oz,蓝色,德国,批发,德国,194,1274,88
零件,136 oz,白色,英国,批发,英国,746,8268,46
零件,178 oz,蓝色,美国,批发,美国,137,6245,79
汽车,206 oz,绿色,澳大利亚,自行车专卖店,澳大利亚,17741,58,42
汽车,293 oz,白色,加拿大,自行车专卖店,加拿大,15501,13,14
汽车,293 oz,绿色,法国,自行车专卖店,法国,57051,8,84
汽车,271 oz,红色,德国,自行车专卖店,德国,10713,16,33
汽车,68 oz,蓝色,英国,自行车专卖店,英国,30166,59,7
汽车,53 oz,白色,美国,自行车专卖店,美国,54286,36,22
汽车,200 oz,红色,澳大利亚,经销商,澳大利亚,6095,10,88
汽车,332 oz,绿色,加拿大,经销商,加拿大,11624,43,47
汽车,30 oz,红色,法国,经销商,法国,12866,60,27
汽车,15 oz,蓝色,德国,经销商,德国,26637,20,34
汽车,340 oz,白色,英国,经销商,英国,14959,41,14
汽车,125 oz,白色,美国,经销商,美国,30873,15,78
汽车,121 oz,红色,澳大利亚,批发,澳大利亚,59783,13,66
汽车,321 oz,蓝色,加拿大,批发,加拿大,57039,27,14
汽车,167 oz,白色,澳大利亚,批发,法国,33260,39,44
汽车,110 oz,红色,加拿大,批发,德国,3745,22,68
零件,308 oz,蓝色,法国,经销商,英国,258,7979,85
零件,334 oz,蓝色,德国,经销商,美国,878,5115,30
零件,124 oz,绿色,英国,批发,澳大利亚,534,8651,90
零件,48 oz,白色,美国,批发,加拿大,716,7552,89
零件,206 oz,绿色,澳大利亚,批发,澳大利亚,693,8414,91
零件,78 oz,白色,加拿大,批发,加拿大,753,6339,62
零件,350 oz,白色,法国,批发,法国,356,1761,2
零件,52 oz,蓝色,德国,批发,德国,124,4673,36
零件,134 oz,白色,英国,批发,英国,602,4038,41
零件,224 oz,蓝色,美国,批发,美国,662,3496,93
零件,157 oz,红色,澳大利亚,自行车专卖店,澳大利亚,110,587,7
零件,328 oz,绿色,加拿大,自行车专卖店,加拿大,520,8535,84
零件,328 oz,红色,法国,自行车专卖店,法国,177,1208,11
零件,113 oz,蓝色,德国,自行车专卖店,德国,428,7126,62
零件,307 oz,蓝色,英国,自行车专卖店,英国,264,7877,13
零件,123 oz,红色,美国,自行车专卖店,美国,395,1086,90
零件,253 oz,蓝色,澳大利亚,经销商,澳大利亚,485,9746,55
零件,28 oz,红色,加拿大,经销商,加拿大,925,1416,45
零件,2 oz,蓝色,法国,经销商,法国,189,3088,3
零件,312 oz,红色,德国,经销商,德国,459,8394,41
零件,202 oz,蓝色,英国,经销商,英国,745,9252,57
零件,27 oz,蓝色,美国,经销商,美国,493,6918,4
零件,312 oz,绿色,澳大利亚,批发,澳大利亚,376,9196,28
零件,75 oz,白色,加拿大,批发,加拿大,332,5130,9
零件,251 oz,蓝色,澳大利亚,经销商,澳大利亚,777,6356,58
零件,139 oz,红色,加拿大,经销商,加拿大,919,3621,85
零件,97 oz,蓝色,法国,经销商,法国,536,214,58
零件,155 oz,红色,德国,经销商,德国,152,9581,98
零件,29 oz,蓝色,英国,经销商,英国,666,2549,89
零件,250 oz,蓝色,美国,经销商,美国,336,7845,11
零件,111 oz,绿色,澳大利亚,批发,澳大利亚,305,5163,12
零件,84 oz,白色,加拿大,批发,加拿大,738,8963,59
零件,268 oz,绿色,澳大利亚,批发,澳大利亚,687,1763,64
零件,160 oz,白色,加拿大,批发,加拿大,686,9857,52
零件,257 oz,白色,法国,批发,法国,671,2035,55
零件,58 oz,蓝色,德国,批发,德国,136,5437,18
零件,24 oz,白色,英国,批发,英国,701,1860,42
零件,237 oz,蓝色,美国,批发,美国,32,2471,76
汽车,257 oz,绿色,澳大利亚,自行车专卖店,澳大利亚,56947,49,90
汽车,147 oz,白色,加拿大,自行车专卖店,加拿大,55342,53,56
汽车,100 oz,绿色,法国,自行车专卖店,法国,22784,36,12
汽车,128 oz,红色,德国,自行车专卖店,德国,19722,38,6
汽车,90 oz,蓝色,英国,自行车专卖店,英国,6743,28,49
汽车,257 oz,白色,美国,自行车专卖店,美国,18673,2,38
汽车,274 oz,红色,澳大利亚,经销商,澳大利亚,49650,17,24
汽车,328 oz,绿色,加拿大,经销商,加拿大,53599,59,97
汽车,112 oz,红色,法国,经销商,法国,36460,58,100
汽车,61 oz,蓝色,德国,经销商,德国,57571,37,56
汽车,323 oz,白色,英国,经销商,英国,47317,45,83
汽车,158 oz,白色,美国,经销商,美国,12166,19,30
汽车,175 oz,红色,澳大利亚,批发,澳大利亚,2560,18,72
汽车,124 oz,蓝色,加拿大,批发,加拿大,19974,36,11
汽车,172 oz,白色,澳大利亚,批发,法国,59455,4,12
汽车,307 oz,红色,加拿大,批发,德国,4684,11,74
零件,17 oz,蓝色,法国,经销商,英国,347,8680,39
零件,181 oz,蓝色,德国,经销商,美国,611,6518,24
零件,41 oz,绿色,英国,批发,澳大利亚,411,8165,77
零件,203 oz,白色,美国,批发,加拿大,34,5412,53
零件,89 oz,绿色,澳大利亚,批发,澳大利亚,677,1707,76
零件,197 oz,白色,加拿大,批发,加拿大,760,2492,81
零件,79 oz,白色,法国,批发,法国,336,758,22
零件,170 oz,蓝色,德国,批发,德国,395,4268,12
零件,286 oz,白色,英国,批发,英国,34,6125,51
零件,16 oz,蓝色,美国,批发,美国,659,393,66
零件,72 oz,红色,澳大利亚,自行车专卖店,澳大利亚,165,9383,22
零件,102 oz,绿色,加拿大,自行车专卖店,加拿大,836,9514,19
零件,7 oz,红色,法国,自行车专卖店,法国,625,6753,3
零件,173 oz,蓝色,德国,自行车专卖店,德国,86,8137,92
零件,229 oz,蓝色,英国,自行车专卖店,英国,153,6080,69
零件,306 oz,红色,美国,自行车专卖店,美国,269,4198,97
零件,130 oz,蓝色,澳大利亚,经销商,澳大利亚,519,4722,42
零件,67 oz,红色,加拿大,经销商,加拿大,925,5287,73
零件,190 oz,蓝色,法国,经销商,法国,741,3804,74
零件,325 oz,红色,德国,经销商,德国,928,283,26
零件,302 oz,蓝色,英国,经销商,英国,686,6027,64
零件,12 oz,蓝色,美国,经销商,美国,628,9886,78
零件,336 oz,绿色,澳大利亚,批发,澳大利亚,16,9439,60
零件,63 oz,白色,加拿大,批发,加拿大,105,4911,74
零件,166 oz,蓝色,澳大利亚,经销商,澳大利亚,636,9372,18
零件,312 oz,红色,加拿大,经销商,加拿大,416,1643,38
零件,233 oz,蓝色,法国,经销商,法国,447,6737,7
零件,171 oz,红色,德国,经销商,德国,76,1419,28
零件,312 oz,蓝色,英国,经销商,英国,706,1646,76
零件,60 oz,蓝色,美国,经销商,美国,205,5725,41
零件,43 oz,绿色,澳大利亚,批发,澳大利亚,139,3667,23
零件,283 oz,白色,加拿大,批发,加拿大,244,9637,34
零件,274 oz,绿色,澳大利亚,批发,澳大利亚,355,6069,18
零件,127 oz,白色,加拿大,批发,加拿大,956,7240,21
零件,253 oz,白色,法国,批发,法国,519,3130,69
零件,64 oz,蓝色,德国,批发,德国,16,1339,56
零件,69 oz,白色,英国,批发,英国,864,5127,89
零件,7 oz,蓝色,美国,批发,美国,579,5947,26
汽车,146 oz,绿色,澳大利亚,自行车专卖店,澳大利亚,43924,23,40
汽车,84 oz,白色,加拿大,自行车专卖店,加拿大,41952,43,36
汽车,131 oz,绿色,法国,自行车专卖店,法国,5826,31,11
汽车,190 oz,红色,德国,自行车专卖店,德国,59747,59,57
汽车,248 oz,蓝色,英国,自行车专卖店,英国,24784,23,86
汽车,73 oz,白色,美国,自行车专卖店,美国,16775,19,52
汽车,343 oz,红色,澳大利亚,经销商,澳大利亚,42975,26,62
汽车,346 oz,绿色,加拿大,经销商,加拿大,25316,28,38
汽车,30 oz,红色,法国,经销商,法国,21044,28,66
汽车,252 oz,蓝色,德国,经销商,德国,2083,14,52
汽车,199 oz,白色,英国,经销商,英国,25789,21,55
汽车,105 oz,白色,美国,经销商,美国,16806,24,32
汽车,201 oz,红色,澳大利亚,批发,澳大利亚,10818,26,22
汽车,345 oz,蓝色,加拿大,批发,加拿大,46741,54,68
汽车,3 oz,白色,澳大利亚,批发,法国,51389,45,29
汽车,297 oz,红色,加拿大,批发,德国,34215,43,7
配件,127 oz,红色,澳大利亚,自行车专卖店,澳大利亚,174,854,
配件,317 oz,黄色,加拿大,自行车专卖店,加拿大,502,227,
配件,194 oz,白色,法国,自行车专卖店,法国,242,121,
配件,310 oz,黄色,德国,自行车专卖店,德国,102,289,
配件,11 oz,红色,英国,自行车专卖店,英国,126,48,
配件,163 oz,黄色,美国,自行车专卖店,美国,1246,944,
配件,169 oz,绿色,澳大利亚,经销商,澳大利亚,680,639,
配件,152 oz,黄色,加拿大,经销商,加拿大,1241,892,
配件,332 oz,黄色,法国,经销商,法国,150,953,
配件,333 oz,红色,德国,经销商,德国,244,791,
配件,295 oz,黄色,英国,经销商,英国,501,20,
配件,284 oz,红色,美国,经销商,美国,4960,336,
配件,339 oz,黄色,澳大利亚,批发,澳大利亚,9,121,
配件,343 oz,红色,加拿大,批发,加拿大,3655,812,
配件,326 oz,绿色,法国,批发,法国,1654,663,
配件,139 oz,黄色,德国,批发,德国,1190,108,
配件,193 oz,红色,英国,批发,英国,1222,459,
配件,186 oz,白色,美国,批发,美国,7941,386,
自行车,114 oz,白色,澳大利亚,自行车专卖店,澳大利亚,2038,94,
自行车,238 oz,红色,加拿大,自行车专卖店,加拿大,3271,20,
自行车,98 oz,红色,法国,自行车专卖店,法国,1706,77,
自行车,345 oz,绿色,德国,自行车专卖店,德国,3297,65,
自行车,15 oz,绿色,英国,自行车专卖店,英国,518,98,
自行车,197 oz,绿色,美国,自行车专卖店,美国,2047,59,
自行车,267 oz,绿色,澳大利亚,经销商,澳大利亚,5582,65,
自行车,185 oz,红色,加拿大,经销商,加拿大,4235,56,
自行车,156 oz,黄色,法国,经销商,法国,9127,21,
自行车,40 oz,红色,德国,经销商,德国,4297,12,
自行车,304 oz,蓝色,英国,经销商,英国,7214,58,
自行车,149 oz,红色,澳大利亚,经销商,美国,8641,73,
自行车,181 oz,蓝色,加拿大,批发,澳大利亚,7833,20,
自行车,118 oz,蓝色,法国,批发,加拿大,6627,89,
自行车,130 oz,紫色,德国,批发,法国,9979,61,
自行车,53 oz,红色,英国,批发,德国,2751,39,
自行车,91 oz,蓝色,美国,批发,英国,1167,51,
自行车,261 oz,蓝色,澳大利亚,批发,美国,8236,16,
服装,91 oz,黄色,加拿大,自行车专卖店,澳大利亚,62,4061,
服装,338 oz,蓝色,法国,自行车专卖店,加拿大,512,3852,
服装,41 oz,蓝色,德国,自行车专卖店,法国,861,8426,
服装,18 oz,蓝色,英国,自行车专卖店,德国,454,821,
服装,167 oz,白色,美国,自行车专卖店,英国,44,3402,
服装,143 oz,紫色,澳大利亚,自行车专卖店,美国,698,2570,
服装,18 oz,红色,加拿大,经销商,澳大利亚,838,6220,
服装,76 oz,紫色,法国,经销商,加拿大,708,3030,
服装,127 oz,绿色,德国,经销商,法国,486,8539,
服装,164 oz,红色,英国,经销商,德国,160,8231,
服装,185 oz,白色,美国,经销商,英国,403,4240,
服装,271 oz,白色,澳大利亚,经销商,美国,259,8317,
服装,76 oz,红色,英国,批发,澳大利亚,373,9660,
服装,60 oz,蓝色,美国,批发,加拿大,781,6787,
服装,26 oz,绿色,澳大利亚,批发,法国,839,8285,
服装,180 oz,蓝色,加拿大,批发,德国,102,5120,
服装,34 oz,绿色,法国,批发,英国,837,6726,
服装,128 oz,绿色,德国,批发,美国,385,7670,
零件,16 oz,红色,英国,自行车专卖店,澳大利亚,356,3141,
零件,216 oz,绿色,美国,自行车专卖店,加拿大,829,6800,
零件,219 oz,红色,澳大利亚,自行车专卖店,法国,842,9285,
零件,343 oz,蓝色,英国,自行车专卖店,德国,740,3246,
零件,212 oz,蓝色,美国,自行车专卖店,英国,822,5027,
零件,74 oz,红色,澳大利亚,自行车专卖店,美国,785,4653,
零件,168 oz,蓝色,加拿大,经销商,澳大利亚,250,3974,
零件,36 oz,红色,法国,经销商,加拿大,414,1668,
零件,286 oz,蓝色,德国,经销商,法国,253,741,
零件,303 oz,红色,法国,经销商,德国,730,4650,
零件,231 oz,蓝色,德国,经销商,英国,430,4001,
零件,70 oz,蓝色,英国,经销商,美国,678,1938,
零件,6 oz,绿色,美国,批发,澳大利亚,363,6459,
零件,14 oz,白色,澳大利亚,批发,加拿大,735,352,
零件,109 oz,蓝色,加拿大,经销商,澳大利亚,766,6306,
零件,169 oz,红色,澳大利亚,经销商,加拿大,113,6532,
零件,42 oz,蓝色,加拿大,经销商,法国,22,5766,
零件,233 oz,红色,法国,经销商,德国,797,6738,
零件,318 oz,蓝色,德国,经销商,英国,26,4829,
零件,55 oz,蓝色,英国,经销商,美国,515,971,
零件,118 oz,绿色,美国,批发,澳大利亚,959,9815,
零件,64 oz,白色,德国,批发,加拿大,72,8940,
零件,72 oz,绿色,英国,批发,澳大利亚,204,2766,
零件,205 oz,白色,美国,批发,加拿大,838,4115,
零件,78 oz,白色,澳大利亚,批发,法国,705,5804,
零件,78 oz,蓝色,加拿大,批发,德国,369,2138,
零件,317 oz,白色,澳大利亚,批发,英国,804,964,
零件,259 oz,蓝色,加拿大,批发,美国,35,2548,
零件,251 oz,红色,法国,自行车专卖店,澳大利亚,700,3288,
零件,141 oz,绿色,德国,自行车专卖店,加拿大,108,2821,
配件,121 oz,红色,澳大利亚,自行车专卖店,澳大利亚,174,459,
配件,278 oz,黄色,加拿大,自行车专卖店,加拿大,502,662,
配件,67 oz,白色,法国,自行车专卖店,法国,242,856,
配件,345 oz,黄色,德国,自行车专卖店,德国,102,828,
配件,149 oz,红色,英国,自行车专卖店,英国,126,385,
配件,196 oz,黄色,美国,自行车专卖店,美国,1246,721,
配件,225 oz,绿色,澳大利亚,经销商,澳大利亚,680,386,
配件,107 oz,黄色,加拿大,经销商,加拿大,1241,920,
配件,170 oz,黄色,法国,经销商,法国,150,335,
配件,140 oz,红色,德国,经销商,德国,244,365,
配件,336 oz,黄色,英国,经销商,英国,501,248,
配件,343 oz,红色,美国,经销商,美国,4960,762,
配件,228 oz,黄色,澳大利亚,批发,澳大利亚,9,487,
配件,65 oz,红色,加拿大,批发,加拿大,3655,522,
配件,321 oz,绿色,法国,批发,法国,1654,108,
配件,142 oz,黄色,德国,批发,德国,1190,219,
配件,344 oz,红色,英国,批发,英国,1222,419,
配件,29 oz,白色,美国,批发,美国,7941,60,
自行车,283 oz,白色,澳大利亚,自行车专卖店,澳大利亚,6152,64,
自行车,81 oz,红色,加拿大,自行车专卖店,加拿大,7623,44,
自行车,219 oz,红色,法国,自行车专卖店,法国,3971,17,
自行车,238 oz,绿色,德国,自行车专卖店,德国,3591,11,
自行车,286 oz,绿色,英国,自行车专卖店,英国,2564,61,
自行车,333 oz,绿色,美国,自行车专卖店,美国,5165,13,
自行车,242 oz,绿色,澳大利亚,经销商,澳大利亚,2344,56,
自行车,67 oz,红色,加拿大,经销商,加拿大,3864,24,
自行车,40 oz,黄色,法国,经销商,法国,9845,23,
自行车,201 oz,红色,德国,经销商,德国,4822,27,
自行车,1 oz,蓝色,英国,经销商,英国,3857,98,
自行车,141 oz,红色,澳大利亚,经销商,美国,2360,55,
自行车,182 oz,蓝色,加拿大,批发,澳大利亚,8499,62,
自行车,294 oz,蓝色,法国,批发,加拿大,4516,38,
自行车,158 oz,紫色,德国,批发,法国,5239,39,
自行车,243 oz,红色,英国,批发,德国,9633,19,